<axisconfig name="AxisJava2.0">

	<parameter name="hotdeployment">true</parameter>
	<parameter name="hotupdate">false</parameter>
	<parameter name="enableMTOM">false</parameter>
	<parameter name="EnableChildFirstClassLoading">false</parameter>
	<parameter name="enableSwA">false</parameter>
	<parameter name="ConfigContextTimeoutInterval">30000</parameter>
	<parameter name="sendStacktraceDetailsWithFaults">false</parameter>
	<parameter name="DrillDownToRootCauseForFaultReason">false</parameter>
	<parameter name="userName">admin</parameter>
	<parameter name="password">axis2</parameter>
	<parameter name="disableREST" locked="false">true</parameter>
	<parameter name="disableSOAP12" locked="true">false</parameter>

	<messageReceivers>
		<messageReceiver mep="http://www.w3.org/2004/08/wsdl/in-only" class="org.apache.axis2.receivers.RawXMLINOnlyMessageReceiver" />
		<messageReceiver mep="http://www.w3.org/2004/08/wsdl/in-out" class="org.apache.axis2.receivers.RawXMLINOutMessageReceiver" />
		<messageReceiver mep="http://www.w3.org/2006/01/wsdl/in-only" class="org.apache.axis2.receivers.RawXMLINOnlyMessageReceiver" />
		<messageReceiver mep="http://www.w3.org/2006/01/wsdl/in-out" class="org.apache.axis2.receivers.RawXMLINOutMessageReceiver" />
		<messageReceiver mep="http://www.w3.org/ns/wsdl/in-only" class="org.apache.axis2.receivers.RawXMLINOnlyMessageReceiver" />
		<messageReceiver mep="http://www.w3.org/ns/wsdl/in-out" class="org.apache.axis2.receivers.RawXMLINOutMessageReceiver" />
	</messageReceivers>

	<messageFormatters>
		<messageFormatter contentType="application/x-www-form-urlencoded" class="org.apache.axis2.transport.http.XFormURLEncodedFormatter" />
		<messageFormatter contentType="multipart/form-data" class="org.apache.axis2.transport.http.MultipartFormDataFormatter" />
		<messageFormatter contentType="application/xml" class="org.apache.axis2.transport.http.ApplicationXMLFormatter" />
		<messageFormatter contentType="text/xml" class="org.apache.axis2.transport.http.SOAPMessageFormatter" />
		<messageFormatter contentType="application/soap+xml" class="org.apache.axis2.transport.http.SOAPMessageFormatter" />
	</messageFormatters>

	<messageFormatters>
		<messageFormatter contentType="application/x-www-form-urlencoded" class="org.apache.axis2.transport.http.XFormURLEncodedFormatter" />
		<messageFormatter contentType="multipart/form-data" class="org.apache.axis2.transport.http.MultipartFormDataFormatter" />
		<messageFormatter contentType="application/xml" class="org.apache.axis2.transport.http.ApplicationXMLFormatter" />
		<messageFormatter contentType="text/xml" class="org.apache.axis2.transport.http.SOAPMessageFormatter" />
		<messageFormatter contentType="application/soap+xml" class="org.apache.axis2.transport.http.SOAPMessageFormatter" />
	</messageFormatters>

	<messageBuilders>
		<messageBuilder contentType="application/xml" class="org.apache.axis2.builder.ApplicationXMLBuilder" />
		<messageBuilder contentType="application/x-www-form-urlencoded" class="org.apache.axis2.builder.XFormURLEncodedBuilder" />
		<messageBuilder contentType="multipart/form-data" class="org.apache.axis2.builder.MultipartFormDataBuilder" />
	</messageBuilders>

	<transportReceiver name="http" class="org.apache.axis2.transport.http.AxisServletListener">
    	<parameter name="port">8080</parameter>
	</transportReceiver>

	<transportReceiver name="https" class="org.apache.axis2.transport.http.AxisServletListener">
    	<parameter name="port">8443</parameter>
	</transportReceiver>
	
	<!--
	<transportSender name="local" class="org.apache.axis2.transport.local.LocalTransportSender" />
	-->
	<transportSender name="http" class="org.apache.axis2.transport.http.CommonsHTTPTransportSender">
		<parameter name="PROTOCOL">HTTP/1.1</parameter>
		<parameter name="Transfer-Encoding">chunked</parameter>
	</transportSender>

	<transportSender name="https" class="org.apache.axis2.transport.http.CommonsHTTPTransportSender">
		<parameter name="PROTOCOL">HTTP/1.1</parameter>
		<parameter name="Transfer-Encoding">chunked</parameter>
	</transportSender>

	<!-- Este modulo genera un error al llamar a la AEAT ya que no espera dichas cabeceras -->
	<!-- module ref="addressing" / -->
	<module ref="rampart" />
	<module ref="scspGlobal" />
	<module ref="scspAlmacenarMensaje" />
	<module ref="scspAlmacenarMensajeFichero" />
	<module ref="scspAlmacenarMensajeFicheroPlain" />
	<module ref="scspAutorizarOrganismo" /> 
	<module ref="scspValidarEsquema" />
	<module ref="scspValidarCertificado" />

	<!-- SCSP Parameters -->
	<parameter name="requirente" locked="true">false</parameter>

	<phaseOrder type="InFlow">
		<phase name="ScspInitContext" />
		<phase name="ScspValidateContent" />
		<phase name="ScspAlmacenarFichero" />
		<phase name="Transport">
			<handler name="RequestURIBasedDispatcher" class="org.apache.axis2.dispatchers.RequestURIBasedDispatcher">
				<order phase="Transport" />
			</handler>
			<handler name="SOAPActionBasedDispatcher" class="org.apache.axis2.dispatchers.SOAPActionBasedDispatcher">
				<order phase="Transport" />
			</handler>
		</phase>
		<phase name="Addressing">
			<handler name="AddressingBasedDispatcher" class="org.apache.axis2.dispatchers.AddressingBasedDispatcher">
				<order phase="Addressing" />
			</handler>
		</phase>
		<phase name="PreSecurity" />
		<phase name="Security" />
		<phase name="PreDispatch" />
		<phase name="ScspAlmacenarFicheroPlain" />
		<phase name="ScspValidarEsquema" />
		<phase name="ScspLoadMessageContext" />
		<phase name="ScspAutorizarOrganismo" />
		
		 <phase name="ScspValidarCertificado" /> 
		<phase name="ScspValidarContadorPeticiones" />
		<phase name="ScspAlmacenarBBDD" />

		<phase name="Dispatch" class="org.apache.axis2.engine.DispatchPhase">
			<handler name="RequestURIBasedDispatcher" class="org.apache.axis2.dispatchers.RequestURIBasedDispatcher" />
			<handler name="SOAPActionBasedDispatcher" class="org.apache.axis2.dispatchers.SOAPActionBasedDispatcher" />
			<handler name="RequestURIOperationDispatcher" class="org.apache.axis2.dispatchers.RequestURIOperationDispatcher" />
			<handler name="SOAPMessageBodyBasedDispatcher" class="org.apache.axis2.dispatchers.SOAPMessageBodyBasedDispatcher" />
			<handler name="HTTPLocationBasedDispatcher" class="org.apache.axis2.dispatchers.HTTPLocationBasedDispatcher" />
			<handler name="GenericProviderDispatcher" class="org.apache.axis2.jaxws.dispatchers.GenericProviderDispatcher" />
			<handler name="MustUnderstandValidationDispatcher" class="org.apache.axis2.jaxws.dispatchers.MustUnderstandValidationDispatcher" />
		</phase>
		<phase name="RMPhase" />
		<phase name="OperationInPhase">
			<handler name="MustUnderstandChecker" class="org.apache.axis2.jaxws.dispatchers.MustUnderstandChecker">
				<order phase="OperationInPhase" />
			</handler>
		</phase>

		<phase name="soapmonitorPhase" />
	</phaseOrder>

	<phaseOrder type="OutFlow">
		<phase name="ScspInitContext" />
		<phase name="ScspAlmacenarFicheroPlain" />
		<phase name="soapmonitorPhase" />
		<phase name="OperationOutPhase" />
		<phase name="RMPhase" />
		<phase name="PolicyDetermination" />
		<phase name="MessageOut" />
		<phase name="ScspLoadContex" />
		<phase name="ScspValidarEsquema" />
		<phase name="PreSecurity" />
		<phase name="Security" />
		<phase name="ScspAlmacenarFichero" />
		<phase name="ScspAlmacenarBBDD" />
	</phaseOrder>

	<phaseOrder type="InFaultFlow">
		<phase name="ScspInitContext" />
		<phase name="ScspAlmacenarFichero" />
		<phase name="ScspAlmacenarBBDD" />
		<phase name="ScspErrorPhase" />
		<phase name="Addressing">
			<handler name="AddressingBasedDispatcher" class="org.apache.axis2.dispatchers.AddressingBasedDispatcher">
				<order phase="Addressing" />
			</handler>
		</phase>
		<phase name="Security" />
		<phase name="PreDispatch" />
		<phase name="Dispatch" class="org.apache.axis2.engine.DispatchPhase">
			<handler name="RequestURIBasedDispatcher" class="org.apache.axis2.dispatchers.RequestURIBasedDispatcher" />
			<handler name="SOAPActionBasedDispatcher" class="org.apache.axis2.dispatchers.SOAPActionBasedDispatcher" />
			<handler name="RequestURIOperationDispatcher" class="org.apache.axis2.dispatchers.RequestURIOperationDispatcher" />
			<handler name="SOAPMessageBodyBasedDispatcher" class="org.apache.axis2.dispatchers.SOAPMessageBodyBasedDispatcher" />
			<handler name="HTTPLocationBasedDispatcher" class="org.apache.axis2.dispatchers.HTTPLocationBasedDispatcher" />
			<handler name="GenericProviderDispatcher" class="org.apache.axis2.jaxws.dispatchers.GenericProviderDispatcher" />
			<handler name="MustUnderstandValidationDispatcher" class="org.apache.axis2.jaxws.dispatchers.MustUnderstandValidationDispatcher" />
		</phase>
		<phase name="RMPhase" />
		<phase name="OperationInFaultPhase" />
		<phase name="soapmonitorPhase" />
	</phaseOrder>

	<phaseOrder type="OutFaultFlow">
		<phase name="soapmonitorPhase" />
		<phase name="OperationOutFaultPhase" />
		<phase name="RMPhase" />
		<phase name="PolicyDetermination" />
		<phase name="MessageOut" />
		<phase name="Security" />
		<phase name="LoggingPhase" />
		<phase name="ScspInitContext" />
		<phase name="ScspErrorPhase" />
		<phase name="ScspLoggingPhase" />
		<phase name="ScspAlmacenarBBDD" />
		<phase name="ScspAlmacenarFichero" />
	</phaseOrder>

</axisconfig>

