<?xml version="1.0" encoding="utf-8" ?>
<!DOCTYPE hibernate-mapping PUBLIC
  "-//Hibernate/Hibernate Mapping DTD 3.0//EN"
  "http://hibernate.sourceforge.net/hibernate-mapping-3.0.dtd">
   <hibernate-mapping package="es.scsp.bo.model.pmi.vdrsfws02">
   
   <class name="HabitaPersonaHelper">	
	<id name="id" type="string" >
	  <generator class="native" />
	</id>
	<property name="numdoc"         column="NUMDOC"  type="string"/>
	<property name="tipDoc"         column="TIPODOC"  type="int"/>
	<property name="digitControl"   column="NUMDOC_CONTROL"  type="string"/>
	<property name="nombreCompleto" column="NOMINE"  type="string"/>
	<property name="nombre"         column="NOM"  type="string"/>
	<property name="apellido1"      column="LL1"  type="string"/>
	<property name="apellido2"      column="LL2"  type="string"/>
	<property name="expedientesAbiertos" column="PARALIZADO"  type="int"/>
	<property name="fechaNacimiento"  column="FECHA_NACIMIENTO"  type="date"/>
	<property name="distrito"   column="DISTRITO"  type="int"/>
	<property name="seccion"    column="SECCION"  type="int"/>
	<property name="hoja"       column="HOJA"  type="int"/>	
	<property name="lastTipMov" column="TIPO_MOVIMIENTO" type="string" />
   </class>
   
    <class name="Domicilio">
			<id name="id" type="string" >
			  <generator class="native" />
			</id>
			
			 <property name="desde"       column="FECHAMOV"      type="string"/>
             <property name="hasta"       column="FECHAMOVBAJA"  type="string"/>
	       
            <component name="provincia" class="Provincia">	
			    <property name="Codigo"    column="IDPROVINCIA" type="string"/>
		    </component>
		    
		    <component name="municipio" class="Municipio">	
			    <property name="Codigo"    column="IDMUNICIPIO" type="string"/>
		    </component>
    
		    <component name="via" class="Via">	
			    <property name="tipo"    column="SIGLA" length="5" type="string"/>
	        	<property name="nombre"  column="NOMCALLE" length="50" type="string"/>
		    </component>
		    
		    <component name="numero" class="Numero">
		        <property name="valor"       column="NUM"  type="string" />
		    </component>
		   
		    <property name="kmt"       column="KMT"  type="string"/>
		    <property name="bloque"    column="BLQ"  type="string"/>
		    <property name="escalera"  column="ESC"  type="string"/>
		    <property name="planta"    column="PIS" type="string"/>
		    <property name="puerta"    column="PTA"  type="string"/>
		    <property name="codPostal" column="CP"   type="string"/>
   
   </class>
   
  <resultset name="residente">
      <return alias="habita" class="HabitaPersonaHelper" />       
  </resultset>
  
   <resultset name="domicilioResidente">
      <return alias="dom" class="Domicilio" />       
   </resultset>
   
   <sql-query name="getResidente"  resultset-ref="residente">
      SELECT
         hab.habcodind as id
        ,hab.habnumide as NUMDOC
        ,hab.habcondig as NUMDOC_CONTROL
        ,hab.habtipdoc as TIPODOC
        ,hab.habnomcom as NOMINE
        ,hab.habnomhab as NOM
        ,hab.habap1hab as LL1
        ,hab.habap2hab as LL2
        ,hab.HABDISTRI as DISTRITO
        ,hab.HABSECCIO as SECCION
        ,hab.HABNUMHOJ as HOJA	
        ,hab.habfecnac as FECHA_NACIMIENTO
        ,hab.habtipmov  AS TIPO_MOVIMIENTO
        ,(select count(*) from habpara where habpara.HPAHABOID = hab.DBOID and habpara.hpaparali = 'T' ) as PARALIZADO      
       FROM 
         habita hab
       WHERE  
         hab.habdboins = 250199900000007507720 
         AND hab.habnumide = :numdoc
         AND hab.haboidult IS NULL  
	     AND hab.habvigent = 'T'
   </sql-query>
   
    <sql-query name="getResidenteByNIA"  resultset-ref="residente">
      SELECT
         hab.habcodind as id
        ,hab.habnumide as NUMDOC
        ,hab.habcondig as NUMDOC_CONTROL
        ,hab.habtipdoc as TIPODOC
        ,hab.habnomcom as NOMINE
        ,hab.habnomhab as NOM
        ,hab.habap1hab as LL1
        ,hab.habap2hab as LL2
        ,hab.HABDISTRI as DISTRITO
        ,hab.HABSECCIO as SECCION
        ,hab.HABNUMHOJ as HOJA	
        ,hab.habfecnac as FECHA_NACIMIENTO
        ,hab.habtipmov  AS TIPO_MOVIMIENTO
        ,(select count(*) from habpara where habpara.HPAHABOID = hab.DBOID and habpara.hpaparali = 'T' ) as PARALIZADO      
       FROM 
         habita hab
       WHERE  
         hab.habdboins = 250199900000007507720 
         AND hab.habcodind = :numdoc
         AND hab.haboidult IS NULL  
	     AND hab.habvigent = 'T'
   </sql-query>
   
   
   <sql-query name="getResidentesInscripcion"   resultset-ref="residente" >
				
		 SELECT  
		         hab.habcodind as id
		        ,hab.habnumide as NUMDOC
		        ,hab.habcondig as NUMDOC_CONTROL
		        ,hab.habtipdoc as TIPODOC
		        ,hab.habnomcom as NOMINE
		        ,hab.habnomhab as NOM
		        ,hab.habap1hab as LL1
		        ,hab.habap2hab as LL2
		        ,hab.HABDISTRI as DISTRITO
		        ,hab.HABSECCIO as SECCION
		        ,hab.HABNUMHOJ as HOJA	
		        ,hab.habfecnac as FECHA_NACIMIENTO
		        ,hab.habtipmov  AS TIPO_MOVIMIENTO
		        ,(select count(*) from habpara where habpara.HPAHABOID = hab.DBOID and habpara.hpaparali = 'T' ) as PARALIZADO 
		        ,hab.HABNUMORD as ORDEN
		FROM 
		         habita hab 
		WHERE 
		     hab.habdboins = 250199900000007507720 
		     AND hab.habdistri = :distrito
		     AND hab.habseccio = :seccion
		     AND hab.habnumhoj = :hoja
		     AND hab.haboidult IS NULL 
		     AND hab.habvigent = 'T' 
		ORDER BY hab.HABNUMORD		
    
  </sql-query>
  
  <sql-query name="getHistoricoDomicilios" resultset-ref="domicilioResidente" >
  
      SELECT  
	         c.haboidcal  as id
            ,to_char(c.habfecini1, 'YYYYMMDD') as FECHAMOV
	        ,decode(SIGN( c.habfecfin1 - TO_DATE('15730101','YYYYMMDD') ), 0 , null, to_char(c.habfecfin1, 'YYYYMMDD') ) as FECHAMOVBAJA
	        ,c.habtoddir  as ACRONIMO
	        ,'07' as IDPROVINCIA
	        ,'040' as IDMUNICIPIO
            ,strconv.EXTSTRENAM as NOMCALLE 
            ,strconv.EXTACRONYM as SIGLA 
            ,strconv.EXTSTRECOD as IDCALLE
            ,decode(TRIM(SUBSTR (c.haborddir, 47, 6)),'0',null,TRIM(SUBSTR (c.haborddir, 47, 6))) as NUM
	        ,decode(TRIM(SUBSTR (c.haborddir, 58, 4)),'0',null,TRIM(SUBSTR (c.haborddir, 58, 4))) as KMT
	        ,decode(TRIM(SUBSTR (c.haborddir, 65, 2)),'0',null,TRIM(SUBSTR (c.haborddir, 65, 2))) as BLQ
            ,(SELECT STAINESTA FROM TRASTAIR WHERE STAPOBSTA = TRIM(SUBSTR (c.haborddir, 67, 2)))   as ESC
            ,(SELECT FLRINEFLR FROM TRAFLOOR WHERE FLRPOBFLR = TRIM(SUBSTR (c.haborddir, 70, 4)))   as PIS
            ,(SELECT DORINEDOR FROM TRADOOR WHERE DORPOBDOR = TRIM(SUBSTR (c.haborddir, 74, 2)))    as PTA
            ,null as CP
 	    FROM
		     STREETCONV strconv, street str, sp_pob_conviven_ws c, habita h
		WHERE 
             c.habcodind = :nia
		 AND h.habdboins = 250199900000007507720
		 AND c.habcodind = h.habcodind 
		 AND h.haboidult IS NULL
         AND str.dboid = c.haboidcal
         AND strconv.intstrecod = str.code
         AND strconv.datsource = 'INE'
         GROUP BY 
             c.haboidcal,c.habfecini1, c.habfecfin1,c.habtoddir,c.haborddir,strconv.EXTSTRECOD, strconv.EXTSTRENAM,strconv.EXTACRONYM
		 ORDER BY 
		    c.habfecini1 
  
  </sql-query>


	
	
</hibernate-mapping>