<?xml version="1.0" encoding="utf-8" ?>
<!DOCTYPE hibernate-mapping PUBLIC
  "-//Hibernate/Hibernate Mapping DTD 3.0//EN"
  "http://hibernate.sourceforge.net/hibernate-mapping-3.0.dtd">
   <hibernate-mapping package="es.scsp.bo.model">
    
    <!-- 
   <class name="TransaccionSCSP">
			<id name="repuesta" column="p_clob" />
            <property name="errorSOAP"       column="p_errgen"  type="string"/>
		    <property name="errorTRAMITE"    column="p_erresp"  type="string"/>
		    <property name="errorMensaje"    column="p_literr"  type="string"/>
   </class>
 
   <resultset name="transacciones">
      <return alias="transaccionscsp" class="TransaccionSCSP" />       
   </resultset>
   
   <sql-query name="solicitudSCSP" callable="true" resultset-ref="transacciones" >
      { ? = call PIN_WWW.tractarSolicitud( :codcertificado, :datosespecificos ) }
   </sql-query>
   -->   
   
   <class name="TransaccionSCSP">
			<id name="repuesta" type="string" />
            <property name="errorSOAP"      type="string"/>
		    <property name="errorTRAMITE"   type="string"/>
		    <property name="errorMensaje"   type="string"/>
   </class>   
   <sql-query name="solicitudSCSP" callable="true">
      <return alias="transac" class="TransaccionSCSP">
             <return-property name="repuesta"        column="RES"   />
		     <return-property name="errorSOAP"       column="ERRGEN" />
		     <return-property name="errorTRAMITE"    column="ERRESP" />
		     <return-property name="errorMensaje"    column="LITERR" />
      </return>
      { ? = call PIN_WWW.tractarSolicitud( :codcertificado, :datosespecificos ) }
   </sql-query>
   
   
   
   
   
  <!-- 
  http://docs.jboss.org/hibernate/core/3.3/reference/en/html/querysql.html#sp_query 
  http://timezra.blogspot.com.es/2008/10/spring-hibernate-and-oracle-stored.html
  http://oracle-abc.wikidot.com/zh:call-oracle-pl-sql-with-hibernate
   -->


	
	
</hibernate-mapping>