<?xml version="1.0" encoding="UTF-8"?>
<beans 
xmlns="http://www.springframework.org/schema/beans" 
xmlns:xsi="http://www.w3.org/2001/XMLSchema-instance" 
xmlns:util="http://www.springframework.org/schema/util"
xmlns:context="http://www.springframework.org/schema/context"
xsi:schemaLocation="
http://www.springframework.org/schema/context http://www.springframework.org/schema/context/spring-context-3.0.xsd
http://www.springframework.org/schema/beans http://www.springframework.org/schema/beans/spring-beans-3.0.xsd
http://www.springframework.org/schema/util http://www.springframework.org/schema/util/spring-util-3.0.xsd">

	<!-- Este fichero contiene la configuracion de Spring del los BO pruebas  -->	
	
	<!-- ==================================================================== -->
	<!-- BackOffice de demostracion                                           -->
	<!-- Eliminar en un entorno real de produccion                            -->
	<!-- ==================================================================== 
	<bean id="demoBackOfficeV2" class="es.scsp.services.test.DemoBackOfficeV2" />
	<bean id="demoBackOfficeV3" class="es.scsp.services.test.DemoBackOfficeV3" />
	<bean id="aeatBean" class="es.scsp.services.aeat.test.Aeat103IBackOffice" />
	<bean id="dniDao" class="es.scsp.common.bo.dao.DniDAO">
		<property name="sessionFactory" ref="sessionFactoryBO" />
	</bean>
	
	-->
	
	<bean id="idTranmisionGenerator" class="es.scsp.common.core.IdTransmisionGenerator" />

    <context:property-placeholder location="classpath:bd.properties"/>
    
    <bean id="dataSourceGeneric" class="org.apache.commons.dbcp.BasicDataSource" destroy-method="close">
        <property name="driverClassName" value="${dataSourceGeneric.driverClassName}"/>
        <property name="url" value="${dataSourceGeneric.url}"/>
        <property name="username" value="${dataSourceGeneric.username}"/>
        <property name="password" value="${dataSourceGeneric.password}"/>
        <property name="validationQuery" value="select 1 from dual" />
    </bean>
        
    <bean id="dataSourceTestGeneric" class="org.apache.commons.dbcp.BasicDataSource" destroy-method="close">
        <property name="driverClassName" value="${dataSourceGenericTest.driverClassName}"/>
        <property name="url" value="${dataSourceGenericTest.url}"/>
        <property name="username" value="${dataSourceGenericTest.username}"/>
        <property name="password" value="${dataSourceGenericTest.password}"/>
        <property name="validationQuery" value="select 1 from dual" />
    </bean>
    
    <bean id="sessionFactoryGeneric" class="org.springframework.orm.hibernate3.LocalSessionFactoryBean">
		<property name="dataSource" ref="dataSourceGeneric" />
		
		<property name="mappingResources">
			<list>
				<value>/es/scsp/bo/dao/pmi/BackOffice.hbm.xml</value>
			</list>
		</property>
		
		<property name="hibernateProperties">
			<value>
				hibernate.dialect=${hibernateGeneric.dialect}
				connection.useUnicode=true
				connection.characterEncoding=UTF-8
				current_session_context_class=thread
				hibernate.transaction.factory_class=org.hibernate.transaction.JDBCTransactionFactory
				hibernate.show_sql=${hibernateGeneric.show_sql}			 
      		</value>
		</property>
	</bean>
	
	
	<bean id="sessionFactoryGenericTest" class="org.springframework.orm.hibernate3.LocalSessionFactoryBean">
		<property name="dataSource" ref="dataSourceTestGeneric" />
		
		<property name="mappingResources">
			<list>
				<value>/es/scsp/bo/dao/pmi/BackOffice.hbm.xml</value>
			</list>
		</property>
		
		<property name="hibernateProperties">
			<value>
				hibernate.dialect=${hibernateGeneric.dialect}
				connection.useUnicode=true
				connection.characterEncoding=UTF-8
				current_session_context_class=thread
				hibernate.transaction.factory_class=org.hibernate.transaction.JDBCTransactionFactory
				hibernate.show_sql=${hibernateGeneric.show_sql}			 
      		</value>
		</property>
	</bean>
	
	 <bean id="genericBackOfficeDaoTest" class="es.scsp.bo.dao.pmi.BackOfficeDao">
	     <property name="sessionFactory" ref="sessionFactoryGenericTest" />
	</bean>
	
    
    <bean id="genericBackOfficeDao" class="es.scsp.bo.dao.pmi.BackOfficeDao">
	     <property name="sessionFactory" ref="sessionFactoryGeneric" />
	</bean>
	
	 <bean id="SCDHPAJUTestBean" class="es.scsp.bo.services.emisores.pmi.BackOfficePinbalGeneric">
	     <property name="daobackoffice" ref="genericBackOfficeDaoTest" />
	</bean>
	
	 <bean id="SCDHPAJUBean" class="es.scsp.bo.services.emisores.pmi.BackOfficePinbalGeneric">
	     <property name="daobackoffice" ref="genericBackOfficeDao" />
	 </bean>
	 
	  <bean id="SCDCPAJUTestBean" class="es.scsp.bo.services.emisores.pmi.BackOfficePinbalGeneric">
	     <property name="daobackoffice" ref="genericBackOfficeDaoTest" />
	 </bean>	
	 
	 <bean id="SCDCPAJUBean" class="es.scsp.bo.services.emisores.pmi.BackOfficePinbalGeneric">
	     <property name="daobackoffice" ref="genericBackOfficeDao" />
	 </bean>
	

    <bean id="dataSourceVDRsfw02" class="org.apache.commons.dbcp.BasicDataSource" destroy-method="close">
        <property name="driverClassName" value="${dataSourcePadron.driverClassName}"/>
        <property name="url" value="${dataSourcePadron.url}"/>
        <property name="username" value="${dataSourcePadron.username}"/>
        <property name="password" value="${dataSourcePadron.password}"/>
        <property name="validationQuery" value="select 1 from dual" />
    </bean>

    <bean id="sessionFactoryVDRsfw02" class="org.springframework.orm.hibernate3.LocalSessionFactoryBean">
		<property name="dataSource" ref="dataSourceVDRsfw02" />
		
		<property name="mappingResources">
			<list>
				<value>/es/scsp/bo/dao/pmi/vdrsfws02/Habita.hbm.xml</value>
			</list>
		</property>
		
		<property name="hibernateProperties">
			<value>
				hibernate.dialect=${hibernatePadron.dialect}
				connection.useUnicode=true
				connection.characterEncoding=UTF-8
				current_session_context_class=thread
				hibernate.transaction.factory_class=org.hibernate.transaction.JDBCTransactionFactory
				hibernate.show_sql=${hibernatePadron.show_sql}			 
      		</value>
		</property>
	</bean>

   	<bean id="habitaDao" class="es.scsp.bo.dao.pmi.vdrsfws02.HabitaDao">
	     <property name="sessionFactory" ref="sessionFactoryVDRsfw02" />
	</bean>
	
	<bean id="pinbalService" class="es.scsp.bo.services.emisores.pmi.TAO_VDRSFWS02PinbalService">
	     <property name="habitaDao" ref="habitaDao" />
	</bean>
	
	<bean id="SCDPEIBv2Service" class="es.scsp.bo.services.emisores.pmi.BackOfficePinbal_VDRSFWS02">
	     <property name="pinbalService" ref="pinbalService" />
	</bean>




	
	<!-- ==================================================================== -->
	<!-- Configuracion de acceso base de datos.                               -->
	<!-- ==================================================================== -->

	<bean id="dataSourceBO" class="org.apache.commons.dbcp.BasicDataSource" destroy-method="close">
		<property name="driverClassName" value="${config:dataSourceBO.driverClassName}" />
		<property name="url" value="${config:dataSourceBO.url}" />
		<property name="username" value="${config:dataSourceBO.username}" />
		<property name="password" value="${config:dataSourceBO.password}" />
		<property name="validationQuery" value="select 1 from dual" />
	</bean>
	<bean id="sessionFactoryBO" class="org.springframework.orm.hibernate3.LocalSessionFactoryBean">
		<property name="dataSource" ref="dataSourceBO" />
		<!-- 
		<property name="mappingResources">
			<list>
				<value>/es/scsp/common/model/Dni.hbm.xml</value>
			</list>
		</property>
		-->
		<property name="hibernateProperties">
			<value>
				hibernate.dialect=${config:hibernateBO.dialect}
				connection.useUnicode=true
				connection.characterEncoding=UTF-8
				current_session_context_class=thread
				hibernate.transaction.factory_class=org.hibernate.transaction.JDBCTransactionFactory
				hibernate.show_sql=false
      		</value>
		</property>
	</bean>
	
	
</beans>


